URL,AllMessagesFlag
https://t.me/NEW_MTProxi2,false
https://t.me/mrsoulb,false
https://t.me/configV2rayNG,true
https://t.me/iSeqaro,true
https://t.me/vpn_ioss,true
https://t.me/v2rayngvpn,false
https://t.me/flyv2ray,false
https://t.me/FreeVlessVpn,false
https://t.me/PrivateVPNs,false
https://t.me/vmessiran,false
https://t.me/Outline_Vpn,false
https://t.me/ShadowSocks_s,false
https://t.me/V2RAY_VMESS_free,false
https://t.me/configV2rayForFree,false
https://t.me/vmess_iran,false
https://t.me/vpn_proxy_custom,false
https://t.me/VPNCUSTOMIZE,false
https://t.me/FOX_VPN66,false
https://t.me/Network_442,false
https://t.me/ultrasurf_12,false
https://t.me/frev2ray,false
https://t.me/FreakConfig,false
https://t.me/Awlix_ir,false
https://t.me/v2rayvpnchannel,false
https://t.me/nufilter,false
https://t.me/Free_HTTPCustom,false
https://t.me/customv2ray,false
https://t.me/ServerNett,false
https://t.me/ConfigsHUB,false
https://t.me/melov2ray,false
https://t.me/V2pedia,false
https://t.me/FalconPolV2rayNG,false
https://t.me/ShadowProxy66,false
https://t.me/prrofile_purple,false
https://t.me/MsV2ray,false
https://t.me/VlessConfig,false
https://t.me/vless_vmess,false
https://t.me/MehradLearn,false
https://t.me/kingofilter,false
https://t.me/IRN_VPN,false
https://t.me/SvnTeam,false
https://t.me/free1_vpn,false
https://t.me/UnlimitedDev,false
https://t.me/V2RayTz,false
https://t.me/ipV2Ray,false
https://t.me/OutlineVpnOfficial,false
https://t.me/mehrosaboran,false
https://t.me/mftizi,false
https://t.me/Hope_Net,false
https://t.me/V2rayng_Fast,false
https://t.me/DailyV2RY,false
https://t.me/shh_proxy,false
https://t.me/forwardv2ray,false
https://t.me/Lockey_vpn,false
https://t.me/shadow_socks1,true
https://t.me/eliya_chiter0,true
https://t.me/v2ray1_ng,false
https://t.me/DailyV2RY,false
https://t.me/socks5tobefree,false
https://t.me/V_2rey,false
https://t.me/spdnet,false
https://t.me/TunelProV2,false
https://t.me/iran_v2ray1,false
https://t.me/v2rayvpn2,false
https://t.me/V2rayNG_account_free,false
https://t.me/V2rayi_net,false
https://t.me/vpnowl,false
https://t.me/ghalagyann,false
https://t.me/XpnTeam,false
https://t.me/fhkllvjkll,false
https://t.me/V2ray_Alpha,false
https://t.me/IRANVPNNET,false
https://t.me/GH_v2rayng,false
https://t.me/VPNwedbaz,false
https://t.me/proxyymeliii,true
https://t.me/icv2ray,false
https://t.me/iTV2RAY,false
https://t.me/ArV2ray,false
https://t.me/SEVEN_ping,false
https://t.me/meli_proxyy,false
https://t.me/SafeNetIR,false
https://t.me/SafeNet_Server,false
https://t.me/V2RAYROZ,false
https://t.me/V2Graphy,false
https://t.me/ViraV2ray,false
https://t.me/oneclickvpnkeys,false
https://t.me/DirectVPN,false
https://t.me/Parsashonam,false
https://t.me/fnet00,false
https://t.me/vmess_vless_v2rayng,false
https://t.me/DeamNet_Proxy,false
https://t.me/moh3enivx,true
https://t.me/nofiltering2,false
https://t.me/V2rayNGX,false
https://t.me/IraneAzad_Net,false
https://t.me/VPN_SOLVE,false
https://t.me/Fr33C0nfig,false
https://t.me/Freedomnetir,true
https://t.me/iP_CF,false
https://t.me/IP_CF_Config,true
https://t.me/hddify,false
https://t.me/v2raytechadoo,false
https://t.me/V2ray_official,false
https://t.me/V2rayNg_madam,false
https://t.me/persianvpnhub,false
https://t.me/duckvp_n,false
https://t.me/mitivpn,false
